gbifID	datasetKey	occurrenceID	kingdom	phylum	class	order	family	genus	species	infraspecificEpithet	taxonRank	scientificName	verbatimScientificName	verbatimScientificNameAuthorship	countryCode	locality	stateProvince	occurrenceStatus	individualCount	publishingOrgKey	decimalLatitude	decimalLongitude	coordinateUncertaintyInMeters	coordinatePrecision	elevation	elevationAccuracy	depth	depthAccuracy	eventDate	day	month	year	taxonKey	speciesKey	basisOfRecord	institutionCode	collectionCode	catalogNumber	recordNumber	identifiedBy	dateIdentified	license	rightsHolder	recordedBy	typeStatus	establishmentMeans	lastInterpreted	mediaType	issue
863531129	4bfac3ea-8763-4f4b-a71a-76a6f5f243d3	MCZ:Orn:346805	Animalia	Chordata	Aves	Suliformes	Phalacrocoracidae	Leucocarbo	Leucocarbo bougainvillii		SPECIES	Phalacrocorax bougainvillii (Lesson, 1837)	Phalacrocorax bougainvillii (Lesson, 1837)	(Lesson, 1837)	PE	Paracas	Ica	PRESENT	1	b4640710-8e03-11d8-b956-b8a03c50a862	-13.8355	-76.25001	2178.0	1.0E-5					1968-11-09	9	11	1968	2481884	6066498	PRESERVED_SPECIMEN	MCZ	Orn	346805		Catalog		CC_BY_NC_4_0	President and Fellows of Harvard College	Elizabeth S. Paynter, Raymond A. Paynter, Jr.			2024-03-26T19:38:45.689Z		INSTITUTION_MATCH_FUZZY;COLLECTION_MATCH_FUZZY
863531128	4bfac3ea-8763-4f4b-a71a-76a6f5f243d3	MCZ:Orn:346811	Animalia	Chordata	Aves	Suliformes	Phalacrocoracidae	Leucocarbo	Leucocarbo bougainvillii		SPECIES	Phalacrocorax bougainvillii (Lesson, 1837)	Phalacrocorax bougainvillii (Lesson, 1837)	(Lesson, 1837)	PE	Paracas	Ica	PRESENT	1	b4640710-8e03-11d8-b956-b8a03c50a862	-13.8355	-76.25001	2178.0	1.0E-5					1968-11-09	9	11	1968	2481884	6066498	PRESERVED_SPECIMEN	MCZ	Orn	346811		Catalog		CC_BY_NC_4_0	President and Fellows of Harvard College	Elizabeth S. Paynter, Raymond A. Paynter, Jr.			2024-03-26T19:38:45.580Z		INSTITUTION_MATCH_FUZZY;COLLECTION_MATCH_FUZZY
863531116	4bfac3ea-8763-4f4b-a71a-76a6f5f243d3	MCZ:Orn:346810	Animalia	Chordata	Aves	Suliformes	Phalacrocoracidae	Leucocarbo	Leucocarbo bougainvillii		SPECIES	Phalacrocorax bougainvillii (Lesson, 1837)	Phalacrocorax bougainvillii (Lesson, 1837)	(Lesson, 1837)	PE	Paracas	Ica	PRESENT	1	b4640710-8e03-11d8-b956-b8a03c50a862	-13.8355	-76.25001	2178.0	1.0E-5					1968-11-09	9	11	1968	2481884	6066498	PRESERVED_SPECIMEN	MCZ	Orn	346810		Catalog		CC_BY_NC_4_0	President and Fellows of Harvard College	Elizabeth S. Paynter, Raymond A. Paynter, Jr.			2024-03-26T19:38:45.619Z		INSTITUTION_MATCH_FUZZY;COLLECTION_MATCH_FUZZY
863531115	4bfac3ea-8763-4f4b-a71a-76a6f5f243d3	MCZ:Orn:346796	Animalia	Chordata	Aves	Suliformes	Phalacrocoracidae	Leucocarbo	Leucocarbo bougainvillii		SPECIES	Phalacrocorax bougainvillii (Lesson, 1837)	Phalacrocorax bougainvillii (Lesson, 1837)	(Lesson, 1837)	PE	Paracas	Ica	PRESENT	1	b4640710-8e03-11d8-b956-b8a03c50a862	-13.8355	-76.25001	2178.0	1.0E-5					1968-11-09	9	11	1968	2481884	6066498	PRESERVED_SPECIMEN	MCZ	Orn	346796		Catalog		CC_BY_NC_4_0	President and Fellows of Harvard College	Elizabeth S. Paynter, Raymond A. Paynter, Jr.			2024-03-26T19:41:59.782Z		INSTITUTION_MATCH_FUZZY;COLLECTION_MATCH_FUZZY
863531100	4bfac3ea-8763-4f4b-a71a-76a6f5f243d3	MCZ:Orn:346794	Animalia	Chordata	Aves	Suliformes	Phalacrocoracidae	Leucocarbo	Leucocarbo bougainvillii		SPECIES	Phalacrocorax bougainvillii (Lesson, 1837)	Phalacrocorax bougainvillii (Lesson, 1837)	(Lesson, 1837)	PE	Paracas	Ica	PRESENT	1	b4640710-8e03-11d8-b956-b8a03c50a862	-13.8355	-76.25001	2178.0	1.0E-5					1968-11-09	9	11	1968	2481884	6066498	PRESERVED_SPECIMEN	MCZ	Orn	346794		Catalog		CC_BY_NC_4_0	President and Fellows of Harvard College	Elizabeth S. Paynter, Raymond A. Paynter, Jr.			2024-03-26T19:42:03.129Z		INSTITUTION_MATCH_FUZZY;COLLECTION_MATCH_FUZZY
863531098	4bfac3ea-8763-4f4b-a71a-76a6f5f243d3	MCZ:Orn:346802	Animalia	Chordata	Aves	Suliformes	Phalacrocoracidae	Leucocarbo	Leucocarbo bougainvillii		SPECIES	Phalacrocorax bougainvillii (Lesson, 1837)	Phalacrocorax bougainvillii (Lesson, 1837)	(Lesson, 1837)	PE	Paracas	Ica	PRESENT	1	b4640710-8e03-11d8-b956-b8a03c50a862	-13.8355	-76.25001	2178.0	1.0E-5					1968-11-09	9	11	1968	2481884	6066498	PRESERVED_SPECIMEN	MCZ	Orn	346802		Catalog		CC_BY_NC_4_0	President and Fellows of Harvard College	Elizabeth S. Paynter, Raymond A. Paynter, Jr.			2024-03-26T19:38:45.335Z		INSTITUTION_MATCH_FUZZY;COLLECTION_MATCH_FUZZY
863531094	4bfac3ea-8763-4f4b-a71a-76a6f5f243d3	MCZ:Orn:346793	Animalia	Chordata	Aves	Suliformes	Phalacrocoracidae	Leucocarbo	Leucocarbo bougainvillii		SPECIES	Phalacrocorax bougainvillii (Lesson, 1837)	Phalacrocorax bougainvillii (Lesson, 1837)	(Lesson, 1837)	PE	Paracas	Ica	PRESENT	1	b4640710-8e03-11d8-b956-b8a03c50a862	-13.8355	-76.25001	2178.0	1.0E-5					1968-11-09	9	11	1968	2481884	6066498	PRESERVED_SPECIMEN	MCZ	Orn	346793		Catalog		CC_BY_NC_4_0	President and Fellows of Harvard College	Elizabeth S. Paynter, Raymond A. Paynter, Jr.			2024-03-26T19:42:01.435Z		INSTITUTION_MATCH_FUZZY;COLLECTION_MATCH_FUZZY
863531087	4bfac3ea-8763-4f4b-a71a-76a6f5f243d3	MCZ:Orn:346792	Animalia	Chordata	Aves	Suliformes	Phalacrocoracidae	Leucocarbo	Leucocarbo bougainvillii		SPECIES	Phalacrocorax bougainvillii (Lesson, 1837)	Phalacrocorax bougainvillii (Lesson, 1837)	(Lesson, 1837)	PE	Paracas	Ica	PRESENT	1	b4640710-8e03-11d8-b956-b8a03c50a862	-13.8355	-76.25001	2178.0	1.0E-5					1968-11-09	9	11	1968	2481884	6066498	PRESERVED_SPECIMEN	MCZ	Orn	346792		Catalog		CC_BY_NC_4_0	President and Fellows of Harvard College	Elizabeth S. Paynter, Raymond A. Paynter, Jr.			2024-03-26T19:38:45.449Z		INSTITUTION_MATCH_FUZZY;COLLECTION_MATCH_FUZZY
863507055	4bfac3ea-8763-4f4b-a71a-76a6f5f243d3	MCZ:Orn:346812	Animalia	Chordata	Aves	Suliformes	Phalacrocoracidae	Leucocarbo	Leucocarbo bougainvillii		SPECIES	Phalacrocorax bougainvillii (Lesson, 1837)	Phalacrocorax bougainvillii (Lesson, 1837)	(Lesson, 1837)	PE	Paracas	Ica	PRESENT	1	b4640710-8e03-11d8-b956-b8a03c50a862	-13.8355	-76.25001	2178.0	1.0E-5					1968-11-06	6	11	1968	2481884	6066498	PRESERVED_SPECIMEN	MCZ	Orn	346812		Catalog		CC_BY_NC_4_0	President and Fellows of Harvard College	Elizabeth S. Paynter, Raymond A. Paynter, Jr.			2024-03-26T19:38:45.689Z		INSTITUTION_MATCH_FUZZY;COLLECTION_MATCH_FUZZY
863495075	4bfac3ea-8763-4f4b-a71a-76a6f5f243d3	MCZ:Orn:340702	Animalia	Chordata	Aves	Suliformes	Phalacrocoracidae	Leucocarbo	Leucocarbo bougainvillii		SPECIES	Phalacrocorax bougainvillii (Lesson, 1837)	Phalacrocorax bougainvillii (Lesson, 1837)	(Lesson, 1837)	PE	Paracas, Paracas Bay		PRESENT	1	b4640710-8e03-11d8-b956-b8a03c50a862	-13.83999	-76.25207	3036.0	1.0E-5									2481884	6066498	PRESERVED_SPECIMEN	MCZ	Orn	340702		Catalog		CC_BY_NC_4_0	President and Fellows of Harvard College	James Henry Blake			2024-03-26T19:38:45.367Z		INSTITUTION_MATCH_FUZZY;COLLECTION_MATCH_FUZZY
863495062	4bfac3ea-8763-4f4b-a71a-76a6f5f243d3	MCZ:Orn:346916	Animalia	Chordata	Aves	Suliformes	Phalacrocoracidae	Leucocarbo	Leucocarbo bougainvillii		SPECIES	Phalacrocorax bougainvillii (Lesson, 1837)	Phalacrocorax bougainvillii (Lesson, 1837)	(Lesson, 1837)	PE	Paracas	Ica	PRESENT	1	b4640710-8e03-11d8-b956-b8a03c50a862	-13.8355	-76.25001	2178.0	1.0E-5					1968-11-09	9	11	1968	2481884	6066498	PRESERVED_SPECIMEN	MCZ	Orn	346916		Catalog		CC_BY_NC_4_0	President and Fellows of Harvard College	Elizabeth S. Paynter, Raymond A. Paynter, Jr.			2024-03-26T19:38:45.582Z		INSTITUTION_MATCH_FUZZY;COLLECTION_MATCH_FUZZY
863495047	4bfac3ea-8763-4f4b-a71a-76a6f5f243d3	MCZ:Orn:346924	Animalia	Chordata	Aves	Suliformes	Phalacrocoracidae	Leucocarbo	Leucocarbo bougainvillii		SPECIES	Phalacrocorax bougainvillii (Lesson, 1837)	Phalacrocorax bougainvillii (Lesson, 1837)	(Lesson, 1837)	PE	Paracas	Ica	PRESENT	6	b4640710-8e03-11d8-b956-b8a03c50a862	-13.8355	-76.25001	2178.0	1.0E-5					1968-11-09	9	11	1968	2481884	6066498	PRESERVED_SPECIMEN	MCZ	Orn	346924		Catalog		CC_BY_NC_4_0	President and Fellows of Harvard College	Elizabeth S. Paynter, Raymond A. Paynter, Jr.			2024-03-26T19:38:45.693Z		INSTITUTION_MATCH_FUZZY;COLLECTION_MATCH_FUZZY
863495027	4bfac3ea-8763-4f4b-a71a-76a6f5f243d3	MCZ:Orn:346953	Animalia	Chordata	Aves	Suliformes	Phalacrocoracidae	Leucocarbo	Leucocarbo bougainvillii		SPECIES	Phalacrocorax bougainvillii (Lesson, 1837)	Phalacrocorax bougainvillii (Lesson, 1837)	(Lesson, 1837)	PE	Paracas	Ica	PRESENT	1	b4640710-8e03-11d8-b956-b8a03c50a862	-13.8355	-76.25001	2178.0	1.0E-5					1968-11-09	9	11	1968	2481884	6066498	PRESERVED_SPECIMEN	MCZ	Orn	346953		Catalog		CC_BY_NC_4_0	President and Fellows of Harvard College	Elizabeth S. Paynter, Raymond A. Paynter, Jr.			2024-03-26T19:38:45.569Z		INSTITUTION_MATCH_FUZZY;COLLECTION_MATCH_FUZZY
859038310	96c93a1e-f762-11e1-a439-00145eb45e9a		Animalia	Chordata	Aves	Suliformes	Phalacrocoracidae	Leucocarbo	Leucocarbo bougainvillii		SPECIES	Phalacrocorax bougainvillii (Lesson, 1837)	Phalacrocorax bougainvillii		PE	Lobos de Tierra		PRESENT	1	ccd1ddc0-6c21-11de-8224-b8a03c50a862									1912-05-30	30	5	1912	2481884	6066498	PRESERVED_SPECIMEN	AMNH	Birds	SKIN-729953	177			CC0_1_0		H.O, Forbes		Native	2024-03-23T09:32:03.114Z		INSTITUTION_COLLECTION_MISMATCH
859038309	96c93a1e-f762-11e1-a439-00145eb45e9a		Animalia	Chordata	Aves	Suliformes	Phalacrocoracidae	Leucocarbo	Leucocarbo bougainvillii		SPECIES	Phalacrocorax bougainvillii (Lesson, 1837)	Phalacrocorax bougainvillii		PE	Lobos de Tierra		PRESENT	1	ccd1ddc0-6c21-11de-8224-b8a03c50a862									1912-05-17	17	5	1912	2481884	6066498	PRESERVED_SPECIMEN	AMNH	Birds	SKIN-729952	211			CC0_1_0		H.O, Forbes		Native	2024-03-23T09:32:08.977Z		INSTITUTION_COLLECTION_MISMATCH
859038267	96c93a1e-f762-11e1-a439-00145eb45e9a		Animalia	Chordata	Aves	Suliformes	Phalacrocoracidae	Leucocarbo	Leucocarbo bougainvillii		SPECIES	Phalacrocorax bougainvillii (Lesson, 1837)	Phalacrocorax bougainvillii		PE	N. Chincha I.		PRESENT	1	ccd1ddc0-6c21-11de-8224-b8a03c50a862									1912-02-19	19	2	1912	2481884	6066498	PRESERVED_SPECIMEN	AMNH	Birds	SKIN-729951	33			CC0_1_0		H.O, Forbes		Native	2024-03-23T09:32:03.326Z		INSTITUTION_COLLECTION_MISMATCH
858772699	96c93a1e-f762-11e1-a439-00145eb45e9a		Animalia	Chordata	Aves	Suliformes	Phalacrocoracidae	Leucocarbo	Leucocarbo bougainvillii		SPECIES	Phalacrocorax bougainvillii (Lesson, 1837)	Phalacrocorax bougainvillei		PE	Mollendo Harbor		PRESENT	1	ccd1ddc0-6c21-11de-8224-b8a03c50a862									1925-03-09	9	3	1925	2481884	6066498	PRESERVED_SPECIMEN	AMNH	Birds	Skin-206986				CC0_1_0		James Fagan		Native	2024-03-23T09:32:05.568Z		TAXON_MATCH_FUZZY;INSTITUTION_COLLECTION_MISMATCH
858759432	96c93a1e-f762-11e1-a439-00145eb45e9a		Animalia	Chordata	Aves	Suliformes	Phalacrocoracidae	Leucocarbo	Leucocarbo bougainvillii		SPECIES	Phalacrocorax bougainvillii (Lesson, 1837)	Phalacrocorax bougainvillei		PE	Pescadores Is.		PRESENT	1	ccd1ddc0-6c21-11de-8224-b8a03c50a862									1919-12-13	13	12	1919	2481884	6066498	PRESERVED_SPECIMEN	AMNH	Birds	Skin-196408	3318			CC0_1_0		R. H. Murphy		Native	2024-03-23T09:32:10.442Z		TAXON_MATCH_FUZZY;INSTITUTION_COLLECTION_MISMATCH
858759430	96c93a1e-f762-11e1-a439-00145eb45e9a		Animalia	Chordata	Aves	Suliformes	Phalacrocoracidae	Leucocarbo	Leucocarbo bougainvillii		SPECIES	Phalacrocorax bougainvillii (Lesson, 1837)	Phalacrocorax bougainvillei		PE	Pescadores Is.		PRESENT	1	ccd1ddc0-6c21-11de-8224-b8a03c50a862									1919-12-15	15	12	1919	2481884	6066498	PRESERVED_SPECIMEN	AMNH	Birds	Skin-196409	3353			CC0_1_0		R. H. Murphy		Native	2024-03-23T09:32:04.816Z		TAXON_MATCH_FUZZY;INSTITUTION_COLLECTION_MISMATCH
858759428	96c93a1e-f762-11e1-a439-00145eb45e9a		Animalia	Chordata	Aves	Suliformes	Phalacrocoracidae	Leucocarbo	Leucocarbo bougainvillii		SPECIES	Phalacrocorax bougainvillii (Lesson, 1837)	Phalacrocorax bougainvillei		PE	Pescadores Is.		PRESENT	1	ccd1ddc0-6c21-11de-8224-b8a03c50a862									1919-12-13	13	12	1919	2481884	6066498	PRESERVED_SPECIMEN	AMNH	Birds	Skin-196407	3320			CC0_1_0		R. H. Murphy		Native	2024-03-23T09:32:04.805Z		TAXON_MATCH_FUZZY;INSTITUTION_COLLECTION_MISMATCH
858759426	96c93a1e-f762-11e1-a439-00145eb45e9a		Animalia	Chordata	Aves	Suliformes	Phalacrocoracidae	Leucocarbo	Leucocarbo bougainvillii		SPECIES	Phalacrocorax bougainvillii (Lesson, 1837)	Phalacrocorax bougainvillei		PE	Pescadores Is.		PRESENT	1	ccd1ddc0-6c21-11de-8224-b8a03c50a862									1919-12-13	13	12	1919	2481884	6066498	PRESERVED_SPECIMEN	AMNH	Birds	Skin-196406	3317			CC0_1_0		R. H. Murphy		Native	2024-03-23T09:32:10.505Z		TAXON_MATCH_FUZZY;INSTITUTION_COLLECTION_MISMATCH
858759425	96c93a1e-f762-11e1-a439-00145eb45e9a		Animalia	Chordata	Aves	Suliformes	Phalacrocoracidae	Leucocarbo	Leucocarbo bougainvillii		SPECIES	Phalacrocorax bougainvillii (Lesson, 1837)	Phalacrocorax bougainvillei		PE	Pescadores Is.		PRESENT	1	ccd1ddc0-6c21-11de-8224-b8a03c50a862									1919-12-13	13	12	1919	2481884	6066498	PRESERVED_SPECIMEN	AMNH	Birds	Skin-196405	3319			CC0_1_0		R. H. Murphy		Native	2024-03-23T09:32:04.793Z		TAXON_MATCH_FUZZY;INSTITUTION_COLLECTION_MISMATCH
858759424	96c93a1e-f762-11e1-a439-00145eb45e9a		Animalia	Chordata	Aves	Suliformes	Phalacrocoracidae	Leucocarbo	Leucocarbo bougainvillii		SPECIES	Phalacrocorax bougainvillii (Lesson, 1837)	Phalacrocorax bougainvillei		PE	Lobos de Tierra I.		PRESENT	1	ccd1ddc0-6c21-11de-8224-b8a03c50a862									1920-01-12	12	1	1920	2481884	6066498	PRESERVED_SPECIMEN	AMNH	Birds	Skin-196404	3445			CC0_1_0		R. H. Murphy		Native	2024-03-23T09:32:05.614Z		TAXON_MATCH_FUZZY;INSTITUTION_COLLECTION_MISMATCH
858711810	96c93a1e-f762-11e1-a439-00145eb45e9a		Animalia	Chordata	Aves	Suliformes	Phalacrocoracidae	Leucocarbo	Leucocarbo bougainvillii		SPECIES	Phalacrocorax bougainvillii (Lesson, 1837)	Phalacrocorax bougainvillei		PE	Lobos de Tierra Is.		PRESENT	1	ccd1ddc0-6c21-11de-8224-b8a03c50a862									1920-01-12	12	1	1920	2481884	6066498	PRESERVED_SPECIMEN	AMNH	Birds	Skin-266649	11411			CC0_1_0		R. C. Murphy		Native	2024-03-23T09:32:05.163Z		TAXON_MATCH_FUZZY;INSTITUTION_COLLECTION_MISMATCH
858676106	96c93a1e-f762-11e1-a439-00145eb45e9a		Animalia	Chordata	Aves	Suliformes	Phalacrocoracidae	Leucocarbo	Leucocarbo bougainvillii		SPECIES	Phalacrocorax bougainvillii (Lesson, 1837)	Phalacrocorax bougainvillii		PE	Labos de Tierra		PRESENT	1	ccd1ddc0-6c21-11de-8224-b8a03c50a862									1920-01-12	12	1	1920	2481884	6066498	PRESERVED_SPECIMEN	AMNH	Birds	Skin-269797				CC0_1_0		R. C. Murphy		Native	2024-03-23T09:32:06.068Z		INSTITUTION_COLLECTION_MISMATCH
858676103	96c93a1e-f762-11e1-a439-00145eb45e9a		Animalia	Chordata	Aves	Suliformes	Phalacrocoracidae	Leucocarbo	Leucocarbo bougainvillii		SPECIES	Phalacrocorax bougainvillii (Lesson, 1837)	Phalacrocorax bougainvillii		PE	Pescadores Is.		PRESENT	1	ccd1ddc0-6c21-11de-8224-b8a03c50a862									1919-12-13	13	12	1919	2481884	6066498	PRESERVED_SPECIMEN	AMNH	Birds	Skin-269798				CC0_1_0		R. C. Murphy		Native	2024-03-23T09:32:05.856Z		INSTITUTION_COLLECTION_MISMATCH
858534505	96c93a1e-f762-11e1-a439-00145eb45e9a		Animalia	Chordata	Aves	Suliformes	Phalacrocoracidae	Leucocarbo	Leucocarbo bougainvillii		SPECIES	Phalacrocorax bougainvillii (Lesson, 1837)	Phalacrocorax bougainvillii		PE	Ancon		PRESENT	1	ccd1ddc0-6c21-11de-8224-b8a03c50a862									1913-04-24	24	4	1913	2481884	6066498	PRESERVED_SPECIMEN	AMNH	Birds	Skin-446193	565			CC0_1_0		R. H. Beck		Native	2024-03-23T09:32:06.460Z		INSTITUTION_COLLECTION_MISMATCH
858524756	96c93a1e-f762-11e1-a439-00145eb45e9a		Animalia	Chordata	Aves	Suliformes	Phalacrocoracidae	Leucocarbo	Leucocarbo bougainvillii		SPECIES	Phalacrocorax bougainvillii (Lesson, 1837)	Phalacrocorax bougainvillei		PE	Lobos de Tierra I.		PRESENT	1	ccd1ddc0-6c21-11de-8224-b8a03c50a862									1920-01-12	12	1	1920	2481884	6066498	PRESERVED_SPECIMEN	AMNH	Birds	Skin-436047	3447			CC0_1_0		R. C. Murphy		Native	2024-03-23T09:32:07.193Z		TAXON_MATCH_FUZZY;INSTITUTION_COLLECTION_MISMATCH
786166958	a82d2421-be5a-4779-babc-da0b634a7ba8	urn:catalog:CM:Birds:P122308	Animalia	Chordata	Aves	Suliformes	Phalacrocoracidae	Leucocarbo	Leucocarbo bougainvillii		SPECIES	Phalacrocorax bougainvillii (Lesson, 1837)	Phalacrocorax bougainvillii		PE	ISLAS DE CHINCHA	Ica	PRESENT	1	c1da06f0-580e-11dc-8a9e-b8a03c50a862									1935-02-24	24	2	1935	2481884	6066498	PRESERVED_SPECIMEN	CM	Birds	P122308				CC0_1_0		CHAPIN, J.P., AND JAQUES, F.L.		Native	2024-03-22T15:52:15.385Z		INSTITUTION_MATCH_FUZZY;COLLECTION_MATCH_FUZZY
786165705	a82d2421-be5a-4779-babc-da0b634a7ba8	urn:catalog:CM:Birds:P120898	Animalia	Chordata	Aves	Suliformes	Phalacrocoracidae	Leucocarbo	Leucocarbo bougainvillii		SPECIES	Phalacrocorax bougainvillii (Lesson, 1837)	Phalacrocorax bougainvillii		PE	ISLA LOBOS DE TIERRA	Piura	PRESENT	1	c1da06f0-580e-11dc-8a9e-b8a03c50a862									1936-04-04	4	4	1936	2481884	6066498	PRESERVED_SPECIMEN	CM	Birds	P120898	1799			CC0_1_0		FRICKE, R.L.		Native	2024-03-22T15:52:15.418Z		INSTITUTION_MATCH_FUZZY;COLLECTION_MATCH_FUZZY
786165701	a82d2421-be5a-4779-babc-da0b634a7ba8	urn:catalog:CM:Birds:P120897	Animalia	Chordata	Aves	Suliformes	Phalacrocoracidae	Leucocarbo	Leucocarbo bougainvillii		SPECIES	Phalacrocorax bougainvillii (Lesson, 1837)	Phalacrocorax bougainvillii		PE	ISLA LOBOS DE TIERRA	Piura	PRESENT	1	c1da06f0-580e-11dc-8a9e-b8a03c50a862									1936-04-04	4	4	1936	2481884	6066498	PRESERVED_SPECIMEN	CM	Birds	P120897	1798			CC0_1_0		FRICKE, R.L.		Native	2024-03-22T15:52:15.458Z		INSTITUTION_MATCH_FUZZY;COLLECTION_MATCH_FUZZY
786165697	a82d2421-be5a-4779-babc-da0b634a7ba8	urn:catalog:CM:Birds:P120896	Animalia	Chordata	Aves	Suliformes	Phalacrocoracidae	Leucocarbo	Leucocarbo bougainvillii		SPECIES	Phalacrocorax bougainvillii (Lesson, 1837)	Phalacrocorax bougainvillii		PE	ISLA LOBOS DE TIERRA	Piura	PRESENT	1	c1da06f0-580e-11dc-8a9e-b8a03c50a862									1936-04-04	4	4	1936	2481884	6066498	PRESERVED_SPECIMEN	CM	Birds	P120896	1797			CC0_1_0		FRICKE, R.L.		Native	2024-03-22T15:52:15.373Z		INSTITUTION_MATCH_FUZZY;COLLECTION_MATCH_FUZZY
786162927	a82d2421-be5a-4779-babc-da0b634a7ba8	urn:catalog:CM:Birds:P120877	Animalia	Chordata	Aves	Suliformes	Phalacrocoracidae	Leucocarbo	Leucocarbo bougainvillii		SPECIES	Phalacrocorax bougainvillii (Lesson, 1837)	Phalacrocorax bougainvillii		PE	ISLA MAZORCA	Lima	PRESENT	1	c1da06f0-580e-11dc-8a9e-b8a03c50a862									1936-02		2	1936	2481884	6066498	PRESERVED_SPECIMEN	CM	Birds	P120877	1778			CC0_1_0		BELLANS		Native	2024-03-22T15:52:14.422Z		INSTITUTION_MATCH_FUZZY;COLLECTION_MATCH_FUZZY
786156939	a82d2421-be5a-4779-babc-da0b634a7ba8	urn:catalog:CM:Birds:P120878	Animalia	Chordata	Aves	Suliformes	Phalacrocoracidae	Leucocarbo	Leucocarbo bougainvillii		SPECIES	Phalacrocorax bougainvillii (Lesson, 1837)	Phalacrocorax bougainvillii		PE	OFF SHORE	Áncash	PRESENT	1	c1da06f0-580e-11dc-8a9e-b8a03c50a862	-9.58	-78.26							1936-04-03	3	4	1936	2481884	6066498	PRESERVED_SPECIMEN	CM	Birds	P120878	1779			CC0_1_0		FRICKE, R.L.		Native	2024-03-22T15:52:15.366Z		INSTITUTION_MATCH_FUZZY;COLLECTION_MATCH_FUZZY
767452614	96678e90-f762-11e1-a439-00145eb45e9a		Animalia	Chordata	Aves	Suliformes	Phalacrocoracidae	Leucocarbo	Leucocarbo bougainvillii		SPECIES	Phalacrocorax bougainvillii (Lesson, 1837)	Phalacrocorax bougainvillii		PE	Lima,		PRESENT		c76cf030-2a95-11da-9cc1-b8a03c50a862													2481884	6066498	PRESERVED_SPECIMEN	SMF	Collection Aves (bird skins)	15791				CC_BY_4_0					2024-03-24T21:20:21.606Z		CONTINENT_DERIVED_FROM_COUNTRY;COLLECTION_MATCH_NONE;INSTITUTION_MATCH_FUZZY
727800480	8be43f9b-52e7-47d4-be3e-dbcc066d70ab	urn:catalog:WFVZ:Eggs:69611	Animalia	Chordata	Aves	Suliformes	Phalacrocoracidae	Leucocarbo	Leucocarbo bougainvillii		SPECIES	Phalacrocorax bougainvillii (Lesson, 1837)	Phalacrocorax bougainvillii		PE	Pisco, Santa Rosa Isla		PRESENT		80960f60-ad5e-11da-9c37-b8a03c50a862									1969-12-17	17	12	1969	2481884	6066498	PRESERVED_SPECIMEN	WFVZ	Eggs	69611				CC0_1_0		Daniel W. Anderson;Anderson, Daniel W.		Native	2024-03-22T16:10:21.158Z		INSTITUTION_MATCH_FUZZY;INSTITUTION_COLLECTION_MISMATCH
727800479	8be43f9b-52e7-47d4-be3e-dbcc066d70ab	urn:catalog:WFVZ:Eggs:69610	Animalia	Chordata	Aves	Suliformes	Phalacrocoracidae	Leucocarbo	Leucocarbo bougainvillii		SPECIES	Phalacrocorax bougainvillii (Lesson, 1837)	Phalacrocorax bougainvillii		PE	Pisco, Santa Rosa Isla		PRESENT		80960f60-ad5e-11da-9c37-b8a03c50a862									1969-12-17	17	12	1969	2481884	6066498	PRESERVED_SPECIMEN	WFVZ	Eggs	69610				CC0_1_0		Daniel W. Anderson;Anderson, Daniel W.		Native	2024-03-22T16:10:21.114Z		INSTITUTION_MATCH_FUZZY;INSTITUTION_COLLECTION_MISMATCH
727800478	8be43f9b-52e7-47d4-be3e-dbcc066d70ab	urn:catalog:WFVZ:Eggs:69609	Animalia	Chordata	Aves	Suliformes	Phalacrocoracidae	Leucocarbo	Leucocarbo bougainvillii		SPECIES	Phalacrocorax bougainvillii (Lesson, 1837)	Phalacrocorax bougainvillii		PE	Pisco, Santa Rosa Isla		PRESENT		80960f60-ad5e-11da-9c37-b8a03c50a862									1969-12-17	17	12	1969	2481884	6066498	PRESERVED_SPECIMEN	WFVZ	Eggs	69609				CC0_1_0		Daniel W. Anderson;Anderson, Daniel W.		Native	2024-03-22T16:10:21.731Z		INSTITUTION_MATCH_FUZZY;INSTITUTION_COLLECTION_MISMATCH
727800477	8be43f9b-52e7-47d4-be3e-dbcc066d70ab	urn:catalog:WFVZ:Eggs:69608	Animalia	Chordata	Aves	Suliformes	Phalacrocoracidae	Leucocarbo	Leucocarbo bougainvillii		SPECIES	Phalacrocorax bougainvillii (Lesson, 1837)	Phalacrocorax bougainvillii		PE	Pisco, Santa Rosa Isla		PRESENT		80960f60-ad5e-11da-9c37-b8a03c50a862									1969-12-17	17	12	1969	2481884	6066498	PRESERVED_SPECIMEN	WFVZ	Eggs	69608				CC0_1_0		Daniel W. Anderson;Anderson, Daniel W.		Native	2024-03-22T16:10:22.081Z		INSTITUTION_MATCH_FUZZY;INSTITUTION_COLLECTION_MISMATCH
727800476	8be43f9b-52e7-47d4-be3e-dbcc066d70ab	urn:catalog:WFVZ:Eggs:69607	Animalia	Chordata	Aves	Suliformes	Phalacrocoracidae	Leucocarbo	Leucocarbo bougainvillii		SPECIES	Phalacrocorax bougainvillii (Lesson, 1837)	Phalacrocorax bougainvillii		PE	Pisco, Santa Rosa Isla		PRESENT		80960f60-ad5e-11da-9c37-b8a03c50a862									1969-12-17	17	12	1969	2481884	6066498	PRESERVED_SPECIMEN	WFVZ	Eggs	69607				CC0_1_0		Daniel W. Anderson;Anderson, Daniel W.		Native	2024-03-22T16:10:21.742Z		INSTITUTION_MATCH_FUZZY;INSTITUTION_COLLECTION_MISMATCH
727800475	8be43f9b-52e7-47d4-be3e-dbcc066d70ab	urn:catalog:WFVZ:Eggs:69606	Animalia	Chordata	Aves	Suliformes	Phalacrocoracidae	Leucocarbo	Leucocarbo bougainvillii		SPECIES	Phalacrocorax bougainvillii (Lesson, 1837)	Phalacrocorax bougainvillii		PE	Pisco, Santa Rosa Isla		PRESENT		80960f60-ad5e-11da-9c37-b8a03c50a862									1969-12-17	17	12	1969	2481884	6066498	PRESERVED_SPECIMEN	WFVZ	Eggs	69606				CC0_1_0		Daniel W. Anderson;Anderson, Daniel W.		Native	2024-03-22T16:10:21.896Z		INSTITUTION_MATCH_FUZZY;INSTITUTION_COLLECTION_MISMATCH
727800474	8be43f9b-52e7-47d4-be3e-dbcc066d70ab	urn:catalog:WFVZ:Eggs:69605	Animalia	Chordata	Aves	Suliformes	Phalacrocoracidae	Leucocarbo	Leucocarbo bougainvillii		SPECIES	Phalacrocorax bougainvillii (Lesson, 1837)	Phalacrocorax bougainvillii		PE	Pisco, Santa Rosa Isla		PRESENT		80960f60-ad5e-11da-9c37-b8a03c50a862									1969-12-17	17	12	1969	2481884	6066498	PRESERVED_SPECIMEN	WFVZ	Eggs	69605				CC0_1_0		Daniel W. Anderson;Anderson, Daniel W.		Native	2024-03-22T16:10:21.514Z		INSTITUTION_MATCH_FUZZY;INSTITUTION_COLLECTION_MISMATCH
727800473	8be43f9b-52e7-47d4-be3e-dbcc066d70ab	urn:catalog:WFVZ:Eggs:69604	Animalia	Chordata	Aves	Suliformes	Phalacrocoracidae	Leucocarbo	Leucocarbo bougainvillii		SPECIES	Phalacrocorax bougainvillii (Lesson, 1837)	Phalacrocorax bougainvillii		PE	Pisco, Santa Rosa Isla		PRESENT		80960f60-ad5e-11da-9c37-b8a03c50a862									1969-12-17	17	12	1969	2481884	6066498	PRESERVED_SPECIMEN	WFVZ	Eggs	69604				CC0_1_0		Daniel W. Anderson;Anderson, Daniel W.		Native	2024-03-22T16:10:21.176Z		INSTITUTION_MATCH_FUZZY;INSTITUTION_COLLECTION_MISMATCH
727800472	8be43f9b-52e7-47d4-be3e-dbcc066d70ab	urn:catalog:WFVZ:Eggs:69603	Animalia	Chordata	Aves	Suliformes	Phalacrocoracidae	Leucocarbo	Leucocarbo bougainvillii		SPECIES	Phalacrocorax bougainvillii (Lesson, 1837)	Phalacrocorax bougainvillii		PE	Pisco, Santa Rosa Isla		PRESENT		80960f60-ad5e-11da-9c37-b8a03c50a862									1969-12-17	17	12	1969	2481884	6066498	PRESERVED_SPECIMEN	WFVZ	Eggs	69603				CC0_1_0		Daniel W. Anderson;Anderson, Daniel W.		Native	2024-03-22T16:10:21.632Z		INSTITUTION_MATCH_FUZZY;INSTITUTION_COLLECTION_MISMATCH
727800471	8be43f9b-52e7-47d4-be3e-dbcc066d70ab	urn:catalog:WFVZ:Eggs:69602	Animalia	Chordata	Aves	Suliformes	Phalacrocoracidae	Leucocarbo	Leucocarbo bougainvillii		SPECIES	Phalacrocorax bougainvillii (Lesson, 1837)	Phalacrocorax bougainvillii		PE	Pisco, Santa Rosa Isla		PRESENT		80960f60-ad5e-11da-9c37-b8a03c50a862									1969-12-17	17	12	1969	2481884	6066498	PRESERVED_SPECIMEN	WFVZ	Eggs	69602				CC0_1_0		Daniel W. Anderson;Anderson, Daniel W.		Native	2024-03-22T16:10:21.158Z		INSTITUTION_MATCH_FUZZY;INSTITUTION_COLLECTION_MISMATCH
727800302	8be43f9b-52e7-47d4-be3e-dbcc066d70ab	urn:catalog:WFVZ:Eggs:171911	Animalia	Chordata	Aves	Suliformes	Phalacrocoracidae	Leucocarbo	Leucocarbo bougainvillii		SPECIES	Phalacrocorax bougainvillii (Lesson, 1837)	Phalacrocorax bougainvillii		PE	Islas Ballestas	Ica	PRESENT		80960f60-ad5e-11da-9c37-b8a03c50a862									1978-12-15	15	12	1978	2481884	6066498	PRESERVED_SPECIMEN	WFVZ	Eggs	171911				CC0_1_0		Morris D. Williams;Williams, Morris D.		Native	2024-03-22T16:10:26.764Z		INSTITUTION_MATCH_FUZZY;INSTITUTION_COLLECTION_MISMATCH
668056153	36f15a36-6b45-442e-9c31-cd633423aee0	2991a486-3028-45a2-8cde-fed2a8d8f2f2	Animalia	Chordata	Aves	Suliformes	Phalacrocoracidae	Leucocarbo	Leucocarbo bougainvillii		SPECIES	Phalacrocorax bougainvillii (Lesson, 1837)	Phalacrocorax bougainvillii		PE			PRESENT		7b8aff00-a9f8-11d8-944b-b8a03c50a862									1968			1968	2481884	6066498	PRESERVED_SPECIMEN	FMNH	Birds	370569				CC0_1_0	The Field Museum of Natural History				2024-01-25T06:30:06.449Z		RECORDED_DATE_MISMATCH
657168124	7a25f7aa-03fb-4322-aaeb-66719e1a9527	03edf7c4-35f9-4cc7-a3ee-c62d74fc3b41	Animalia	Chordata	Aves	Suliformes	Phalacrocoracidae	Leucocarbo	Leucocarbo bougainvillii		SPECIES	Phalacrocorax bougainvillii (Lesson, 1837)	Phalacrocorax bougainvilli		PE		Piura dept	PRESENT		493fe050-055d-11d8-b84f-b8a03c50a862									1970-04-20	20	4	1970	2481884	6066498	PRESERVED_SPECIMEN	LACM	Birds	111581	589			CC0_1_0		CAMPBELL, K E		Native	2024-03-22T16:06:52.530Z		TAXON_MATCH_FUZZY
657168123	7a25f7aa-03fb-4322-aaeb-66719e1a9527	df9648e1-275e-4f38-90f9-7280294889c5	Animalia	Chordata	Aves	Suliformes	Phalacrocoracidae	Leucocarbo	Leucocarbo bougainvillii		SPECIES	Phalacrocorax bougainvillii (Lesson, 1837)	Phalacrocorax bougainvilli		PE		Piura dept	PRESENT		493fe050-055d-11d8-b84f-b8a03c50a862									1970-04-20	20	4	1970	2481884	6066498	PRESERVED_SPECIMEN	LACM	Birds	111580	588			CC0_1_0		CAMPBELL, K E		Native	2024-03-22T16:07:18.706Z		TAXON_MATCH_FUZZY
657166472	7a25f7aa-03fb-4322-aaeb-66719e1a9527	c81dc483-4c3f-44ac-b8e0-bbb5864af879	Animalia	Chordata	Aves	Suliformes	Phalacrocoracidae	Leucocarbo	Leucocarbo bougainvillii		SPECIES	Phalacrocorax bougainvillii (Lesson, 1837)	Phalacrocorax bougainvilli		PE		Piura dept	PRESENT		493fe050-055d-11d8-b84f-b8a03c50a862									1970-04-20	20	4	1970	2481884	6066498	PRESERVED_SPECIMEN	LACM	Birds	109911	587			CC0_1_0		CAMPBELL, K E		Native	2024-03-22T16:07:13.997Z		TAXON_MATCH_FUZZY
657166471	7a25f7aa-03fb-4322-aaeb-66719e1a9527	5365712c-35eb-4be5-8a6e-0f2f50806bfd	Animalia	Chordata	Aves	Suliformes	Phalacrocoracidae	Leucocarbo	Leucocarbo bougainvillii		SPECIES	Phalacrocorax bougainvillii (Lesson, 1837)	Phalacrocorax bougainvilli		PE		Piura dept	PRESENT		493fe050-055d-11d8-b84f-b8a03c50a862									1970-04-20	20	4	1970	2481884	6066498	PRESERVED_SPECIMEN	LACM	Birds	109910	586			CC0_1_0		CAMPBELL, K E		Native	2024-03-22T16:07:04.343Z		TAXON_MATCH_FUZZY
657166470	7a25f7aa-03fb-4322-aaeb-66719e1a9527	d7b03b20-4d3a-40df-8afc-5464f22a0210	Animalia	Chordata	Aves	Suliformes	Phalacrocoracidae	Leucocarbo	Leucocarbo bougainvillii		SPECIES	Phalacrocorax bougainvillii (Lesson, 1837)	Phalacrocorax bougainvilli		PE		Piura dept	PRESENT		493fe050-055d-11d8-b84f-b8a03c50a862									1970-04-20	20	4	1970	2481884	6066498	PRESERVED_SPECIMEN	LACM	Birds	109909	585			CC0_1_0		CAMPBELL, K E		Native	2024-03-22T16:07:15.949Z		TAXON_MATCH_FUZZY
657166469	7a25f7aa-03fb-4322-aaeb-66719e1a9527	4f9e4624-ae78-4e09-a4ae-84055ca079f9	Animalia	Chordata	Aves	Suliformes	Phalacrocoracidae	Leucocarbo	Leucocarbo bougainvillii		SPECIES	Phalacrocorax bougainvillii (Lesson, 1837)	Phalacrocorax bougainvilli		PE		Piura dept	PRESENT		493fe050-055d-11d8-b84f-b8a03c50a862									1970-04-20	20	4	1970	2481884	6066498	PRESERVED_SPECIMEN	LACM	Birds	109908	584			CC0_1_0		CAMPBELL, K E		Native	2024-03-22T16:07:04.016Z		TAXON_MATCH_FUZZY
657166468	7a25f7aa-03fb-4322-aaeb-66719e1a9527	42f6ccf6-603d-4998-ad4a-62dcf4da34eb	Animalia	Chordata	Aves	Suliformes	Phalacrocoracidae	Leucocarbo	Leucocarbo bougainvillii		SPECIES	Phalacrocorax bougainvillii (Lesson, 1837)	Phalacrocorax bougainvilli		PE		Piura dept	PRESENT		493fe050-055d-11d8-b84f-b8a03c50a862									1970-04-20	20	4	1970	2481884	6066498	PRESERVED_SPECIMEN	LACM	Birds	109907	583			CC0_1_0		CAMPBELL, K E		Native	2024-03-22T16:07:09.835Z		TAXON_MATCH_FUZZY
657166467	7a25f7aa-03fb-4322-aaeb-66719e1a9527	9131665e-e373-44e1-8955-c61cac6f9a7c	Animalia	Chordata	Aves	Suliformes	Phalacrocoracidae	Leucocarbo	Leucocarbo bougainvillii		SPECIES	Phalacrocorax bougainvillii (Lesson, 1837)	Phalacrocorax bougainvilli		PE		Piura dept	PRESENT		493fe050-055d-11d8-b84f-b8a03c50a862									1970-04-20	20	4	1970	2481884	6066498	PRESERVED_SPECIMEN	LACM	Birds	109906	582			CC0_1_0		CAMPBELL, K E		Native	2024-03-22T16:07:12.735Z		TAXON_MATCH_FUZZY
657166466	7a25f7aa-03fb-4322-aaeb-66719e1a9527	21f90990-ea37-4b36-b8ba-42b4530371ac	Animalia	Chordata	Aves	Suliformes	Phalacrocoracidae	Leucocarbo	Leucocarbo bougainvillii		SPECIES	Phalacrocorax bougainvillii (Lesson, 1837)	Phalacrocorax bougainvilli		PE		Piura dept	PRESENT		493fe050-055d-11d8-b84f-b8a03c50a862									1970-04-20	20	4	1970	2481884	6066498	PRESERVED_SPECIMEN	LACM	Birds	109905	581			CC0_1_0		CAMPBELL, K E		Native	2024-03-22T16:06:59.942Z		TAXON_MATCH_FUZZY
657166465	7a25f7aa-03fb-4322-aaeb-66719e1a9527	41b39d55-5b88-434e-a3f0-3acfa2719aa1	Animalia	Chordata	Aves	Suliformes	Phalacrocoracidae	Leucocarbo	Leucocarbo bougainvillii		SPECIES	Phalacrocorax bougainvillii (Lesson, 1837)	Phalacrocorax bougainvilli		PE		Piura dept	PRESENT		493fe050-055d-11d8-b84f-b8a03c50a862									1970-04-20	20	4	1970	2481884	6066498	PRESERVED_SPECIMEN	LACM	Birds	109904	580			CC0_1_0		CAMPBELL, K E		Native	2024-03-22T16:07:01.125Z		TAXON_MATCH_FUZZY
657166464	7a25f7aa-03fb-4322-aaeb-66719e1a9527	b0d907cd-e5f2-421a-8cc5-f7dbf1d34d9c	Animalia	Chordata	Aves	Suliformes	Phalacrocoracidae	Leucocarbo	Leucocarbo bougainvillii		SPECIES	Phalacrocorax bougainvillii (Lesson, 1837)	Phalacrocorax bougainvilli		PE		Piura dept	PRESENT		493fe050-055d-11d8-b84f-b8a03c50a862									1970-04-20	20	4	1970	2481884	6066498	PRESERVED_SPECIMEN	LACM	Birds	109903	579			CC0_1_0		CAMPBELL, K E		Native	2024-03-22T16:07:12.947Z		TAXON_MATCH_FUZZY
657166463	7a25f7aa-03fb-4322-aaeb-66719e1a9527	3d3fdad7-1348-4af5-b443-0f85e42112c3	Animalia	Chordata	Aves	Suliformes	Phalacrocoracidae	Leucocarbo	Leucocarbo bougainvillii		SPECIES	Phalacrocorax bougainvillii (Lesson, 1837)	Phalacrocorax bougainvilli		PE		Piura dept	PRESENT		493fe050-055d-11d8-b84f-b8a03c50a862									1970-04-20	20	4	1970	2481884	6066498	PRESERVED_SPECIMEN	LACM	Birds	109902	578			CC0_1_0		CAMPBELL, K E		Native	2024-03-22T16:07:01.065Z		TAXON_MATCH_FUZZY
657166462	7a25f7aa-03fb-4322-aaeb-66719e1a9527	bf72b19e-d307-493b-a417-693a6ab6ee35	Animalia	Chordata	Aves	Suliformes	Phalacrocoracidae	Leucocarbo	Leucocarbo bougainvillii		SPECIES	Phalacrocorax bougainvillii (Lesson, 1837)	Phalacrocorax bougainvilli		PE		Piura dept	PRESENT		493fe050-055d-11d8-b84f-b8a03c50a862									1970-04-20	20	4	1970	2481884	6066498	PRESERVED_SPECIMEN	LACM	Birds	109901	577			CC0_1_0		CAMPBELL, K E		Native	2024-03-22T16:07:13.345Z		TAXON_MATCH_FUZZY
657166461	7a25f7aa-03fb-4322-aaeb-66719e1a9527	fa71f0a1-b4b9-4c73-82ba-25704cd549f5	Animalia	Chordata	Aves	Suliformes	Phalacrocoracidae	Leucocarbo	Leucocarbo bougainvillii		SPECIES	Phalacrocorax bougainvillii (Lesson, 1837)	Phalacrocorax bougainvilli		PE		Piura dept	PRESENT		493fe050-055d-11d8-b84f-b8a03c50a862									1970-04-20	20	4	1970	2481884	6066498	PRESERVED_SPECIMEN	LACM	Birds	109900	576			CC0_1_0		CAMPBELL, K E		Native	2024-03-22T16:07:20.942Z		TAXON_MATCH_FUZZY
657166460	7a25f7aa-03fb-4322-aaeb-66719e1a9527	47b3576b-670e-4fb4-af74-813910b617a9	Animalia	Chordata	Aves	Suliformes	Phalacrocoracidae	Leucocarbo	Leucocarbo bougainvillii		SPECIES	Phalacrocorax bougainvillii (Lesson, 1837)	Phalacrocorax bougainvilli		PE		Piura dept	PRESENT		493fe050-055d-11d8-b84f-b8a03c50a862									1970-04-20	20	4	1970	2481884	6066498	PRESERVED_SPECIMEN	LACM	Birds	109899	575			CC0_1_0		CAMPBELL, K E		Native	2024-03-22T16:07:06.403Z		TAXON_MATCH_FUZZY
657166459	7a25f7aa-03fb-4322-aaeb-66719e1a9527	ea3e97f6-dce1-4422-9247-72c121a7a153	Animalia	Chordata	Aves	Suliformes	Phalacrocoracidae	Leucocarbo	Leucocarbo bougainvillii		SPECIES	Phalacrocorax bougainvillii (Lesson, 1837)	Phalacrocorax bougainvilli		PE		Piura dept	PRESENT		493fe050-055d-11d8-b84f-b8a03c50a862									1970-04-20	20	4	1970	2481884	6066498	PRESERVED_SPECIMEN	LACM	Birds	109898	574			CC0_1_0		CAMPBELL, K E		Native	2024-03-22T16:07:17.169Z		TAXON_MATCH_FUZZY
657166457	7a25f7aa-03fb-4322-aaeb-66719e1a9527	84d3c7e4-dc3c-4171-817f-943b2294b099	Animalia	Chordata	Aves	Suliformes	Phalacrocoracidae	Leucocarbo	Leucocarbo bougainvillii		SPECIES	Phalacrocorax bougainvillii (Lesson, 1837)	Phalacrocorax bougainvilli		PE		Piura dept	PRESENT		493fe050-055d-11d8-b84f-b8a03c50a862									1970-04-20	20	4	1970	2481884	6066498	PRESERVED_SPECIMEN	LACM	Birds	109896	564			CC0_1_0		CAMPBELL, K E		Native	2024-03-22T16:07:17.890Z		TAXON_MATCH_FUZZY
657141178	7a25f7aa-03fb-4322-aaeb-66719e1a9527	94deee9a-9925-43eb-8c4a-c0560ceb7e83	Animalia	Chordata	Aves	Suliformes	Phalacrocoracidae	Leucocarbo	Leucocarbo bougainvillii		SPECIES	Phalacrocorax bougainvillii (Lesson, 1837)	Phalacrocorax bougainvillii		PE		Ica dept	PRESENT		493fe050-055d-11d8-b84f-b8a03c50a862	-13.63	-76.42							1935-01-15	15	1	1935	2481884	6066498	PRESERVED_SPECIMEN	LACM	Birds	84491				CC0_1_0		GARTH, J S		Native	2024-03-22T16:07:17.872Z		GEODETIC_DATUM_ASSUMED_WGS84
657141177	7a25f7aa-03fb-4322-aaeb-66719e1a9527	2e446a5c-cf6c-446b-893a-3b8bcb79e730	Animalia	Chordata	Aves	Suliformes	Phalacrocoracidae	Leucocarbo	Leucocarbo bougainvillii		SPECIES	Phalacrocorax bougainvillii (Lesson, 1837)	Phalacrocorax bougainvillii		PE		Ica dept	PRESENT		493fe050-055d-11d8-b84f-b8a03c50a862	-13.63	-76.42							1935-01-15	15	1	1935	2481884	6066498	PRESERVED_SPECIMEN	LACM	Birds	84490				CC0_1_0		GARTH, J S		Native	2024-03-22T16:07:08.778Z		GEODETIC_DATUM_ASSUMED_WGS84
657106625	7a25f7aa-03fb-4322-aaeb-66719e1a9527	f52e5325-361f-47d4-8b4d-90c89a8b4795	Animalia	Chordata	Aves	Suliformes	Phalacrocoracidae	Leucocarbo	Leucocarbo bougainvillii		SPECIES	Phalacrocorax bougainvillii (Lesson, 1837)	Phalacrocorax bougainvillii		PE		La libertad prov	PRESENT		493fe050-055d-11d8-b84f-b8a03c50a862	-8.55	-78.95							1938-02-13	13	2	1938	2481884	6066498	PRESERVED_SPECIMEN	LACM	Birds	50049	123			CC0_1_0		ASHCRAFT, G P		Native	2024-03-22T16:07:27.711Z		GEODETIC_DATUM_ASSUMED_WGS84
657106624	7a25f7aa-03fb-4322-aaeb-66719e1a9527	6acaf30e-0e68-4c1a-948b-ec4ca1e6da05	Animalia	Chordata	Aves	Suliformes	Phalacrocoracidae	Leucocarbo	Leucocarbo bougainvillii		SPECIES	Phalacrocorax bougainvillii (Lesson, 1837)	Phalacrocorax bougainvillii		PE		Ica dept	PRESENT		493fe050-055d-11d8-b84f-b8a03c50a862	-13.65	-76.4							1938-02-11	11	2	1938	2481884	6066498	PRESERVED_SPECIMEN	LACM	Birds	50048	125			CC0_1_0		ASHCRAFT, G P		Native	2024-03-22T16:07:06.719Z		GEODETIC_DATUM_ASSUMED_WGS84
657106623	7a25f7aa-03fb-4322-aaeb-66719e1a9527	57cf7e41-6356-4d9d-ad87-fff660cad61e	Animalia	Chordata	Aves	Suliformes	Phalacrocoracidae	Leucocarbo	Leucocarbo bougainvillii		SPECIES	Phalacrocorax bougainvillii (Lesson, 1837)	Phalacrocorax bougainvillii		PE		Ica dept	PRESENT		493fe050-055d-11d8-b84f-b8a03c50a862	-13.65	-76.4							1938-02-11	11	2	1938	2481884	6066498	PRESERVED_SPECIMEN	LACM	Birds	50047	124			CC0_1_0		ASHCRAFT, G P		Native	2024-03-22T16:07:12.987Z		GEODETIC_DATUM_ASSUMED_WGS84
657106622	7a25f7aa-03fb-4322-aaeb-66719e1a9527	5a0eb10c-3a77-418a-9dcc-e8701ed4b79b	Animalia	Chordata	Aves	Suliformes	Phalacrocoracidae	Leucocarbo	Leucocarbo bougainvillii		SPECIES	Phalacrocorax bougainvillii (Lesson, 1837)	Phalacrocorax bougainvillii		PE		Ica dept	PRESENT		493fe050-055d-11d8-b84f-b8a03c50a862	-15.35	-75.17							1938-02-07	7	2	1938	2481884	6066498	PRESERVED_SPECIMEN	LACM	Birds	50046	122			CC0_1_0		ASHCRAFT, G P		Native	2024-03-22T16:07:04.930Z		GEODETIC_DATUM_ASSUMED_WGS84
46255009	84829fe4-f762-11e1-a439-00145eb45e9a	urn:catalog:LSUMZ:Birds:114065	Animalia	Chordata	Aves	Suliformes	Phalacrocoracidae	Leucocarbo	Leucocarbo bougainvillii		SPECIES	Phalacrocorax bougainvillii (Lesson, 1837)	Phalacrocorax bougainvillii		PE	Lagunillas, S. side Paracas Peninsula	Ica	PRESENT		c361e830-181e-11da-9544-b8a03c50a862									1983-05-29	29	5	1983	2481884	6066498	PRESERVED_SPECIMEN	LSUMZ	Birds	114065				CC0_1_0		John P. O Neill			2024-03-22T22:20:57.801Z		
46254788	84829fe4-f762-11e1-a439-00145eb45e9a	urn:catalog:LSUMZ:Birds:111656	Animalia	Chordata	Aves	Suliformes	Phalacrocoracidae	Leucocarbo	Leucocarbo bougainvillii		SPECIES	Phalacrocorax bougainvillii (Lesson, 1837)	Phalacrocorax bougainvillii		PE	Pacific coast between Pimental and Santa Rosa	Lambayeque	PRESENT		c361e830-181e-11da-9544-b8a03c50a862	-6.852194	-79.9192											2481884	6066498	PRESERVED_SPECIMEN	LSUMZ	Birds	111656				CC0_1_0		Morris D. Williams			2024-03-22T22:20:58.026Z		COORDINATE_ROUNDED;GEODETIC_DATUM_INVALID;GEODETIC_DATUM_ASSUMED_WGS84
46254783	84829fe4-f762-11e1-a439-00145eb45e9a	urn:catalog:LSUMZ:Birds:111655	Animalia	Chordata	Aves	Suliformes	Phalacrocoracidae	Leucocarbo	Leucocarbo bougainvillii		SPECIES	Phalacrocorax bougainvillii (Lesson, 1837)	Phalacrocorax bougainvillii		PE	Pacific coast between Pimental and Santa Rosa	Lambayeque	PRESENT		c361e830-181e-11da-9544-b8a03c50a862	-6.852194	-79.9192											2481884	6066498	PRESERVED_SPECIMEN	LSUMZ	Birds	111655				CC0_1_0		Morris D. Williams			2024-03-22T22:20:57.819Z		COORDINATE_ROUNDED;GEODETIC_DATUM_INVALID;GEODETIC_DATUM_ASSUMED_WGS84
46254777	84829fe4-f762-11e1-a439-00145eb45e9a	urn:catalog:LSUMZ:Birds:111654	Animalia	Chordata	Aves	Suliformes	Phalacrocoracidae	Leucocarbo	Leucocarbo bougainvillii		SPECIES	Phalacrocorax bougainvillii (Lesson, 1837)	Phalacrocorax bougainvillii		PE	Pacific coast between Pimental and Santa Rosa	Lambayeque	PRESENT		c361e830-181e-11da-9544-b8a03c50a862	-6.852194	-79.9192											2481884	6066498	PRESERVED_SPECIMEN	LSUMZ	Birds	111654				CC0_1_0		Morris D. Williams			2024-03-22T22:20:57.852Z		COORDINATE_ROUNDED;GEODETIC_DATUM_INVALID;GEODETIC_DATUM_ASSUMED_WGS84
46254769	84829fe4-f762-11e1-a439-00145eb45e9a	urn:catalog:LSUMZ:Birds:111653	Animalia	Chordata	Aves	Suliformes	Phalacrocoracidae	Leucocarbo	Leucocarbo bougainvillii		SPECIES	Phalacrocorax bougainvillii (Lesson, 1837)	Phalacrocorax bougainvillii		PE	Pacific coast between Pimental and Santa Rosa	Lambayeque	PRESENT		c361e830-181e-11da-9544-b8a03c50a862	-6.852194	-79.9192											2481884	6066498	PRESERVED_SPECIMEN	LSUMZ	Birds	111653				CC0_1_0		Morris D. Williams			2024-03-22T22:20:57.762Z		COORDINATE_ROUNDED;GEODETIC_DATUM_INVALID;GEODETIC_DATUM_ASSUMED_WGS84
46254762	84829fe4-f762-11e1-a439-00145eb45e9a	urn:catalog:LSUMZ:Birds:111652	Animalia	Chordata	Aves	Suliformes	Phalacrocoracidae	Leucocarbo	Leucocarbo bougainvillii		SPECIES	Phalacrocorax bougainvillii (Lesson, 1837)	Phalacrocorax bougainvillii		PE	Pacific coast between Pimental and Santa Rosa	Lambayeque	PRESENT		c361e830-181e-11da-9544-b8a03c50a862	-6.852194	-79.9192											2481884	6066498	PRESERVED_SPECIMEN	LSUMZ	Birds	111652				CC0_1_0		Morris D. Williams			2024-03-22T22:20:57.868Z		COORDINATE_ROUNDED;GEODETIC_DATUM_INVALID;GEODETIC_DATUM_ASSUMED_WGS84
46254755	84829fe4-f762-11e1-a439-00145eb45e9a	urn:catalog:LSUMZ:Birds:111651	Animalia	Chordata	Aves	Suliformes	Phalacrocoracidae	Leucocarbo	Leucocarbo bougainvillii		SPECIES	Phalacrocorax bougainvillii (Lesson, 1837)	Phalacrocorax bougainvillii		PE	Pacific coast between Pimental and Santa Rosa	Lambayeque	PRESENT		c361e830-181e-11da-9544-b8a03c50a862	-6.852194	-79.9192											2481884	6066498	PRESERVED_SPECIMEN	LSUMZ	Birds	111651				CC0_1_0		Morris D. Williams			2024-03-22T22:20:57.749Z		COORDINATE_ROUNDED;GEODETIC_DATUM_INVALID;GEODETIC_DATUM_ASSUMED_WGS84
46254750	84829fe4-f762-11e1-a439-00145eb45e9a	urn:catalog:LSUMZ:Birds:111650	Animalia	Chordata	Aves	Suliformes	Phalacrocoracidae	Leucocarbo	Leucocarbo bougainvillii		SPECIES	Phalacrocorax bougainvillii (Lesson, 1837)	Phalacrocorax bougainvillii		PE	Pacific coast between Pimental and Santa Rosa	Lambayeque	PRESENT		c361e830-181e-11da-9544-b8a03c50a862	-6.852194	-79.9192											2481884	6066498	PRESERVED_SPECIMEN	LSUMZ	Birds	111650				CC0_1_0		Morris D. Williams			2024-03-22T22:20:58.017Z		COORDINATE_ROUNDED;GEODETIC_DATUM_INVALID;GEODETIC_DATUM_ASSUMED_WGS84
46254743	84829fe4-f762-11e1-a439-00145eb45e9a	urn:catalog:LSUMZ:Birds:111649	Animalia	Chordata	Aves	Suliformes	Phalacrocoracidae	Leucocarbo	Leucocarbo bougainvillii		SPECIES	Phalacrocorax bougainvillii (Lesson, 1837)	Phalacrocorax bougainvillii		PE	Pacific coast between Pimental and Santa Rosa	Lambayeque	PRESENT		c361e830-181e-11da-9544-b8a03c50a862	-6.852194	-79.9192											2481884	6066498	PRESERVED_SPECIMEN	LSUMZ	Birds	111649				CC0_1_0		Morris D. Williams			2024-03-22T22:20:58.016Z		COORDINATE_ROUNDED;GEODETIC_DATUM_INVALID;GEODETIC_DATUM_ASSUMED_WGS84
46254735	84829fe4-f762-11e1-a439-00145eb45e9a	urn:catalog:LSUMZ:Birds:111648	Animalia	Chordata	Aves	Suliformes	Phalacrocoracidae	Leucocarbo	Leucocarbo bougainvillii		SPECIES	Phalacrocorax bougainvillii (Lesson, 1837)	Phalacrocorax bougainvillii		PE	Pacific coast between Pimental and Santa Rosa	Lambayeque	PRESENT		c361e830-181e-11da-9544-b8a03c50a862	-6.852194	-79.9192											2481884	6066498	PRESERVED_SPECIMEN	LSUMZ	Birds	111648				CC0_1_0		Morris D. Williams			2024-03-22T22:20:58Z		COORDINATE_ROUNDED;GEODETIC_DATUM_INVALID;GEODETIC_DATUM_ASSUMED_WGS84
46253242	84829fe4-f762-11e1-a439-00145eb45e9a	urn:catalog:LSUMZ:Birds:86443	Animalia	Chordata	Aves	Suliformes	Phalacrocoracidae	Leucocarbo	Leucocarbo bougainvillii		SPECIES	Phalacrocorax bougainvillii (Lesson, 1837)	Phalacrocorax bougainvillii		PE	Isla Mazorca	Lima	PRESENT		c361e830-181e-11da-9544-b8a03c50a862	-11.4167	-77.7167							1977-10-11	11	10	1977	2481884	6066498	PRESERVED_SPECIMEN	LSUMZ	Birds	86443				CC0_1_0					2024-03-22T22:20:57.486Z		GEODETIC_DATUM_INVALID;GEODETIC_DATUM_ASSUMED_WGS84
46252995	84829fe4-f762-11e1-a439-00145eb45e9a	urn:catalog:LSUMZ:Birds:65393	Animalia	Chordata	Aves	Suliformes	Phalacrocoracidae	Leucocarbo	Leucocarbo bougainvillii		SPECIES	Phalacrocorax bougainvillii (Lesson, 1837)	Phalacrocorax bougainvillii		PE	70 km S Huarmey	Áncash	PRESENT		c361e830-181e-11da-9544-b8a03c50a862									1968-06-20	20	6	1968	2481884	6066498	PRESERVED_SPECIMEN	LSUMZ	Birds	65393				CC0_1_0		K. P. Able			2024-03-22T22:20:57.098Z		
46250859	84829fe4-f762-11e1-a439-00145eb45e9a	urn:catalog:LSUMZ:Birds:31224	Animalia	Chordata	Aves	Suliformes	Phalacrocoracidae	Leucocarbo	Leucocarbo bougainvillii		SPECIES	Phalacrocorax bougainvillii (Lesson, 1837)	Phalacrocorax bougainvillii		PE	Lima, La Villa	Lima	PRESENT		c361e830-181e-11da-9544-b8a03c50a862									1963-08-18	18	8	1963	2481884	6066498	PRESERVED_SPECIMEN	LSUMZ	Birds	31224				CC0_1_0		John P. O Neill			2024-03-22T22:20:56.248Z		
46250502	84829fe4-f762-11e1-a439-00145eb45e9a	urn:catalog:LSUMZ:Birds:27681	Animalia	Chordata	Aves	Suliformes	Phalacrocoracidae	Leucocarbo	Leucocarbo bougainvillii		SPECIES	Phalacrocorax bougainvillii (Lesson, 1837)	Phalacrocorax bougainvillii		PE	La Villa	Lima	PRESENT		c361e830-181e-11da-9544-b8a03c50a862									1961-07-16	16	7	1961	2481884	6066498	PRESERVED_SPECIMEN	LSUMZ	Birds	27681				CC0_1_0		John P. O Neill			2024-03-22T22:20:56.203Z		
4527271005	8658262c-f762-11e1-a439-00145eb45e9a	9AC6D1D3-C97D-624F-BADB-53A7DA9B5072	Animalia	Chordata	Aves	Suliformes	Phalacrocoracidae	Leucocarbo	Leucocarbo bougainvillii		SPECIES	Phalacrocorax bougainvillii (Lesson, 1837)	Phalacrocorax bougainvillii		PE	INDEPENDENCE BAY	Ica	PRESENT		f9b67ad0-9c9b-11d9-b9db-b8a03c50a862									1931-03-17	17	3	1931	2481884	6066498	PRESERVED_SPECIMEN	ANSP	ANSP-ORN	104123				CC_BY_NC_4_0	Academy of Natural Sciences of Philadelphia of Drexel University	M. A. Carriker, Jr.			2024-02-29T11:52:12.802Z		COLLECTION_MATCH_NONE;INSTITUTION_MATCH_FUZZY
4527240608	8658262c-f762-11e1-a439-00145eb45e9a	EF0B0511-675D-D24C-925A-A89DC1F8F2A0	Animalia	Chordata	Aves	Suliformes	Phalacrocoracidae	Leucocarbo	Leucocarbo bougainvillii		SPECIES	Phalacrocorax bougainvillii (Lesson, 1837)	Phalacrocorax bougainvillii		PE	Pisco	Ica	PRESENT		f9b67ad0-9c9b-11d9-b9db-b8a03c50a862									1931-02-25	25	2	1931	2481884	6066498	PRESERVED_SPECIMEN	ANSP	ANSP-ORN	104122				CC_BY_NC_4_0	Academy of Natural Sciences of Philadelphia of Drexel University	M. A. Carriker, Jr.			2024-02-29T11:52:13.703Z		COLLECTION_MATCH_NONE;INSTITUTION_MATCH_FUZZY
4527200079	8658262c-f762-11e1-a439-00145eb45e9a	75C4B045-A8EA-7C49-BD47-D804EFE0ACBF	Animalia	Chordata	Aves	Suliformes	Phalacrocoracidae	Leucocarbo	Leucocarbo bougainvillii		SPECIES	Phalacrocorax bougainvillii (Lesson, 1837)	Phalacrocorax bougainvillii		PE	Pisco	Ica	PRESENT		f9b67ad0-9c9b-11d9-b9db-b8a03c50a862									1931-02-27	27	2	1931	2481884	6066498	PRESERVED_SPECIMEN	ANSP	ANSP-ORN	104121				CC_BY_NC_4_0	Academy of Natural Sciences of Philadelphia of Drexel University	M. A. Carriker, Jr.			2024-02-29T11:52:12.116Z		COLLECTION_MATCH_NONE;INSTITUTION_MATCH_FUZZY
3440800650	b84a3711-b4ca-4e4f-adac-80dfaea98d1c	http://tun.fi/MHU.3065060	Animalia	Chordata	Aves	Suliformes	Phalacrocoracidae	Leucocarbo	Leucocarbo bougainvillii		SPECIES	Phalacrocorax bougainvillii (Lesson, 1837)			PE	Tinajones reservoir		PRESENT	50	04fd2e13-6881-4e5c-9dd1-8fdd9ab993c1									2007-09-10T00:00Z	10	9	2007	2481884	6066498	HUMAN_OBSERVATION			http://tun.fi/MHD.373096				CC_BY_4_0		Topp, Antero			2024-03-27T20:44:32.723Z		CONTINENT_DERIVED_FROM_COUNTRY
3440430225	b84a3711-b4ca-4e4f-adac-80dfaea98d1c	http://tun.fi/MHU.3949399	Animalia	Chordata	Aves	Suliformes	Phalacrocoracidae	Leucocarbo	Leucocarbo bougainvillii		SPECIES	Phalacrocorax bougainvillii (Lesson, 1837)			PE	Lima		PRESENT		04fd2e13-6881-4e5c-9dd1-8fdd9ab993c1									2007-11-26T00:00Z	26	11	2007	2481884	6066498	HUMAN_OBSERVATION			http://tun.fi/MHD.409208				CC_BY_4_0		Topp, Antero			2024-03-27T20:45:40.178Z		CONTINENT_DERIVED_FROM_COUNTRY
3357456630	2fb0b491-a53a-40ee-98ef-d3e9a377c9b8	OCCU000541	Animalia	Chordata	Aves	Suliformes	Phalacrocoracidae	Leucocarbo	Leucocarbo bougainvillii		SPECIES	Phalacrocorax bougainvillii (Lesson, 1837)	Phalacrocorax bougainvillii		PE	Punta La Metalera	Islay	PRESENT	50	e8eada63-4a33-44aa-b2fd-4f71efb222a0	-17.015319	-72.111692					21.0	0.0	2020			2020	2481884	6066498	HUMAN_OBSERVATION	MCNB	MCNB-Vilca-Taco et al-2021	541				CC_BY_NC_4_0		Marina Vilca			2024-01-26T12:34:22.253Z		COORDINATE_ROUNDED;GEODETIC_DATUM_ASSUMED_WGS84;RECORDED_DATE_MISMATCH;OCCURRENCE_STATUS_INFERRED_FROM_INDIVIDUAL_COUNT
3357456627	2fb0b491-a53a-40ee-98ef-d3e9a377c9b8	OCCU000542	Animalia	Chordata	Aves	Suliformes	Phalacrocoracidae	Leucocarbo	Leucocarbo bougainvillii		SPECIES	Phalacrocorax bougainvillii (Lesson, 1837)	Phalacrocorax bougainvillii		PE	Punta La Metalera	Islay	PRESENT	1	e8eada63-4a33-44aa-b2fd-4f71efb222a0	-17.015319	-72.111692					21.0	0.0	2020			2020	2481884	6066498	HUMAN_OBSERVATION	MCNB	MCNB-Vilca-Taco et al-2021	542				CC_BY_NC_4_0		Marina Vilca			2024-01-26T12:34:22.244Z		COORDINATE_ROUNDED;GEODETIC_DATUM_ASSUMED_WGS84;RECORDED_DATE_MISMATCH;OCCURRENCE_STATUS_INFERRED_FROM_INDIVIDUAL_COUNT
3357456625	2fb0b491-a53a-40ee-98ef-d3e9a377c9b8	OCCU000543	Animalia	Chordata	Aves	Suliformes	Phalacrocoracidae	Leucocarbo	Leucocarbo bougainvillii		SPECIES	Phalacrocorax bougainvillii (Lesson, 1837)	Phalacrocorax bougainvillii		PE	Punta La Metalera	Islay	ABSENT	0	e8eada63-4a33-44aa-b2fd-4f71efb222a0	-17.015319	-72.111692					21.0	0.0	2020			2020	2481884	6066498	HUMAN_OBSERVATION	MCNB	MCNB-Vilca-Taco et al-2021	543				CC_BY_NC_4_0		Enrique Mamani			2024-01-26T12:34:22.239Z		COORDINATE_ROUNDED;GEODETIC_DATUM_ASSUMED_WGS84;RECORDED_DATE_MISMATCH;OCCURRENCE_STATUS_INFERRED_FROM_INDIVIDUAL_COUNT
3357456622	2fb0b491-a53a-40ee-98ef-d3e9a377c9b8	OCCU000544	Animalia	Chordata	Aves	Suliformes	Phalacrocoracidae	Leucocarbo	Leucocarbo bougainvillii		SPECIES	Phalacrocorax bougainvillii (Lesson, 1837)	Phalacrocorax bougainvillii		PE	Punta La Metalera	Islay	PRESENT	577	e8eada63-4a33-44aa-b2fd-4f71efb222a0	-17.014094	-72.112003					21.0	0.0					2481884	6066498	HUMAN_OBSERVATION	MCNB	MCNB-Vilca-Taco et al-2021	544				CC_BY_NC_4_0		Marina Vilca			2024-01-26T12:34:22.230Z		COORDINATE_ROUNDED;GEODETIC_DATUM_ASSUMED_WGS84;RECORDED_DATE_MISMATCH;OCCURRENCE_STATUS_INFERRED_FROM_INDIVIDUAL_COUNT
3357456619	2fb0b491-a53a-40ee-98ef-d3e9a377c9b8	OCCU000545	Animalia	Chordata	Aves	Suliformes	Phalacrocoracidae	Leucocarbo	Leucocarbo bougainvillii		SPECIES	Phalacrocorax bougainvillii (Lesson, 1837)	Phalacrocorax bougainvillii		PE	Punta La Metalera	Islay	PRESENT	265	e8eada63-4a33-44aa-b2fd-4f71efb222a0	-17.014094	-72.112003					21.0	0.0					2481884	6066498	HUMAN_OBSERVATION	MCNB	MCNB-Vilca-Taco et al-2021	545				CC_BY_NC_4_0		Enrique Mamani			2024-01-26T12:34:22.222Z		COORDINATE_ROUNDED;GEODETIC_DATUM_ASSUMED_WGS84;RECORDED_DATE_MISMATCH;OCCURRENCE_STATUS_INFERRED_FROM_INDIVIDUAL_COUNT
3357456616	2fb0b491-a53a-40ee-98ef-d3e9a377c9b8	OCCU000546	Animalia	Chordata	Aves	Suliformes	Phalacrocoracidae	Leucocarbo	Leucocarbo bougainvillii		SPECIES	Phalacrocorax bougainvillii (Lesson, 1837)	Phalacrocorax bougainvillii		PE	Punta La Metalera	Islay	PRESENT	4	e8eada63-4a33-44aa-b2fd-4f71efb222a0	-17.014094	-72.112003					21.0	0.0					2481884	6066498	HUMAN_OBSERVATION	MCNB	MCNB-Vilca-Taco et al-2021	546				CC_BY_NC_4_0		Enrique Mamani			2024-01-26T12:34:22.212Z		COORDINATE_ROUNDED;GEODETIC_DATUM_ASSUMED_WGS84;RECORDED_DATE_MISMATCH;OCCURRENCE_STATUS_INFERRED_FROM_INDIVIDUAL_COUNT
3357456606	2fb0b491-a53a-40ee-98ef-d3e9a377c9b8	OCCU000540	Animalia	Chordata	Aves	Suliformes	Phalacrocoracidae	Leucocarbo	Leucocarbo bougainvillii		SPECIES	Phalacrocorax bougainvillii (Lesson, 1837)	Phalacrocorax bougainvillii		PE	Punta La Metalera	Islay	PRESENT	230	e8eada63-4a33-44aa-b2fd-4f71efb222a0	-17.015319	-72.111692					21.0	0.0	2020			2020	2481884	6066498	HUMAN_OBSERVATION	MCNB	MCNB-Vilca-Taco et al-2021	540				CC_BY_NC_4_0		Marina Vilca			2024-01-26T12:34:22.183Z		COORDINATE_ROUNDED;GEODETIC_DATUM_ASSUMED_WGS84;RECORDED_DATE_MISMATCH;OCCURRENCE_STATUS_INFERRED_FROM_INDIVIDUAL_COUNT
3357456362	2fb0b491-a53a-40ee-98ef-d3e9a377c9b8	OCCU000538	Animalia	Chordata	Aves	Suliformes	Phalacrocoracidae	Leucocarbo	Leucocarbo bougainvillii		SPECIES	Phalacrocorax bougainvillii (Lesson, 1837)	Phalacrocorax bougainvillii		PE	Punta La Metalera	Islay	PRESENT	4	e8eada63-4a33-44aa-b2fd-4f71efb222a0	-17.015319	-72.111692					21.0	0.0	2020			2020	2481884	6066498	HUMAN_OBSERVATION	MCNB	MCNB-Vilca-Taco et al-2021	538				CC_BY_NC_4_0		Enrique Mamani;Marina Vilca			2024-01-26T12:34:21.181Z		COORDINATE_ROUNDED;GEODETIC_DATUM_ASSUMED_WGS84;RECORDED_DATE_MISMATCH;OCCURRENCE_STATUS_INFERRED_FROM_INDIVIDUAL_COUNT
3357456361	2fb0b491-a53a-40ee-98ef-d3e9a377c9b8	OCCU000539	Animalia	Chordata	Aves	Suliformes	Phalacrocoracidae	Leucocarbo	Leucocarbo bougainvillii		SPECIES	Phalacrocorax bougainvillii (Lesson, 1837)	Phalacrocorax bougainvillii		PE	Punta La Metalera	Islay	PRESENT	5	e8eada63-4a33-44aa-b2fd-4f71efb222a0	-17.015319	-72.111692					21.0	0.0	2020			2020	2481884	6066498	HUMAN_OBSERVATION	MCNB	MCNB-Vilca-Taco et al-2021	539				CC_BY_NC_4_0		Enrique Mamani;Marina Vilca			2024-01-26T12:34:21.178Z		COORDINATE_ROUNDED;GEODETIC_DATUM_ASSUMED_WGS84;RECORDED_DATE_MISMATCH;OCCURRENCE_STATUS_INFERRED_FROM_INDIVIDUAL_COUNT
2872883449	66df9620-115a-4794-be25-3a5b99786b1d	05ddf8fa-10b1-11e7-9428-9e88cf78e826	Animalia	Chordata	Aves	Suliformes	Phalacrocoracidae	Leucocarbo	Leucocarbo bougainvillii		SPECIES	Phalacrocorax bougainvillii (Lesson, 1837)	PHALACROCORAX BOUGAINVILLII		PE	PUNTA SAN JUAN	Ica department	PRESENT		8483a1f0-1032-11db-ae00-b8a03c50a862									1983-04-20	20	4	1983	2481884	6066498	PRESERVED_SPECIMEN	UF	Birds	36617				CC_BY_NC_4_0		HAYS, COPPELIA			2024-03-25T04:01:51.603Z		INSTITUTION_MATCH_FUZZY;INSTITUTION_COLLECTION_MISMATCH
2872867638	66df9620-115a-4794-be25-3a5b99786b1d	04c236c3-10b1-11e7-9428-9e88cf78e826	Animalia	Chordata	Aves	Suliformes	Phalacrocoracidae	Leucocarbo	Leucocarbo bougainvillii		SPECIES	Phalacrocorax bougainvillii (Lesson, 1837)	PHALACROCORAX BOUGAINVILLII		PE	PISCO	Ica department	PRESENT		8483a1f0-1032-11db-ae00-b8a03c50a862													2481884	6066498	PRESERVED_SPECIMEN	UF	Birds	22832				CC_BY_NC_4_0		PRITCHARD, PETER			2024-03-25T04:01:47.988Z		RECORDED_DATE_INVALID;INSTITUTION_MATCH_FUZZY;INSTITUTION_COLLECTION_MISMATCH
2872865064	66df9620-115a-4794-be25-3a5b99786b1d	04c23292-10b1-11e7-9428-9e88cf78e826	Animalia	Chordata	Aves	Suliformes	Phalacrocoracidae	Leucocarbo	Leucocarbo bougainvillii		SPECIES	Phalacrocorax bougainvillii (Lesson, 1837)	PHALACROCORAX BOUGAINVILLII		PE	PLAYA DE HERRADURA, NEAR MIRAFLORES	Lima department	PRESENT		8483a1f0-1032-11db-ae00-b8a03c50a862									1967-07-15	15	7	1967	2481884	6066498	PRESERVED_SPECIMEN	UF	Birds	22831				CC_BY_NC_4_0		BRODKORB, PIERCE			2024-03-25T04:01:47.469Z		INSTITUTION_MATCH_FUZZY;INSTITUTION_COLLECTION_MISMATCH
2872863577	66df9620-115a-4794-be25-3a5b99786b1d	04c23bc1-10b1-11e7-9428-9e88cf78e826	Animalia	Chordata	Aves	Suliformes	Phalacrocoracidae	Leucocarbo	Leucocarbo bougainvillii		SPECIES	Phalacrocorax bougainvillii (Lesson, 1837)	PHALACROCORAX BOUGAINVILLII		PE	PISCO	Ica department	PRESENT		8483a1f0-1032-11db-ae00-b8a03c50a862													2481884	6066498	PRESERVED_SPECIMEN	UF	Birds	22833				CC_BY_NC_4_0		PRITCHARD, PETER			2024-03-25T04:01:46.743Z		RECORDED_DATE_INVALID;INSTITUTION_MATCH_FUZZY;INSTITUTION_COLLECTION_MISMATCH
1706114054	fdf5cc60-9fcc-11da-a90c-b8a03c50a862	27796	Animalia	Chordata	Aves	Suliformes	Phalacrocoracidae	Leucocarbo	Leucocarbo bougainvillii		SPECIES	Phalacrocorax bougainvillii (Lesson, 1837)	Phalacrocorax bougainvilli		PE	Chorillos		PRESENT		e147be40-75eb-11d9-b257-b8a03c50a862									1870-03-28	28	3	1870	2481884	6066498	PRESERVED_SPECIMEN	MIZPAN						CC_BY_NC_4_0		Jelski K.			2024-01-25T07:35:22.781Z		CONTINENT_DERIVED_FROM_COUNTRY;TAXON_MATCH_FUZZY;INSTITUTION_MATCH_NONE
1699081498	bb5b30b4-827e-4d5e-a86a-825d65cb6583	pbdb:occ:1196719	Animalia	Chordata	Aves	Suliformes	Phalacrocoracidae	Leucocarbo	Leucocarbo bougainvillii		SPECIES	Phalacrocorax bougainvillii (Lesson, 1837)	Phalacrocorax bougainvillii Lesson 1837	Lesson 1837	PE	coast of Northwestern Peru		PRESENT		b711353c-44d7-4e8b-90c5-16fea0d247e0	-4.7	-80.5		0.1									2481884	6066498	FOSSIL_SPECIMEN	PBDB	71346					CC_BY_NC_4_0		Lemon and Churcher			2024-03-21T16:37:56.985Z		TAXON_MATCH_TAXON_CONCEPT_ID_IGNORED;TAXON_MATCH_TAXON_ID_IGNORED;INSTITUTION_MATCH_NONE
1698632179	bb5b30b4-827e-4d5e-a86a-825d65cb6583	pbdb:occ:627140	Animalia	Chordata	Aves	Suliformes	Phalacrocoracidae	Leucocarbo	Leucocarbo bougainvillii		SPECIES	Phalacrocorax bougainvillii (Lesson, 1837)	Phalacrocorax bougainvillii Lesson 1837	Lesson 1837	PE		Arequipa	PRESENT		b711353c-44d7-4e8b-90c5-16fea0d247e0	-15.671667	-74.536667		2.778E-4									2481884	6066498	FOSSIL_SPECIMEN	PBDB	67634					CC_BY_NC_4_0		Urbina and Stucchi			2024-03-21T16:37:24.877Z		TAXON_MATCH_TAXON_CONCEPT_ID_IGNORED;TAXON_MATCH_TAXON_ID_IGNORED;INSTITUTION_MATCH_NONE
1586203992	365e1c3b-cbf4-49c4-a391-6b8a36bb7922	SERFOR:INFFS:CO-617:2651	Animalia	Chordata	Aves	Suliformes	Phalacrocoracidae	Leucocarbo	Leucocarbo bougainvillii		SPECIES	Phalacrocorax bougainvillii (Lesson, 1837)	Phalacrocorax bougainvillii		PE			PRESENT		06899e5a-7450-4ccc-a7ba-52885a3cf624	-5.079419	-80.016241							2013-03-20	20	3	2013	2481884	6066498	HUMAN_OBSERVATION	SERFOR						CC_BY_NC_4_0					2024-01-24T17:22:59.238Z		COORDINATE_ROUNDED;CONTINENT_DERIVED_FROM_COORDINATES
1337842595	4bfac3ea-8763-4f4b-a71a-76a6f5f243d3	MCZ:Orn:346809	Animalia	Chordata	Aves	Suliformes	Phalacrocoracidae	Leucocarbo	Leucocarbo bougainvillii		SPECIES	Phalacrocorax bougainvillii (Lesson, 1837)	Phalacrocorax bougainvillii (Lesson, 1837)	(Lesson, 1837)	PE	Paracas		PRESENT	1	b4640710-8e03-11d8-b956-b8a03c50a862	-13.83999	-76.25207	3036.0	1.0E-5					1968-11-09	9	11	1968	2481884	6066498	PRESERVED_SPECIMEN	MCZ	Orn	346809		Raymond A. Paynter, Jr.		CC_BY_NC_4_0	President and Fellows of Harvard College	Elizabeth S. Paynter, Raymond A. Paynter, Jr.			2024-03-26T19:41:59.613Z		INSTITUTION_MATCH_FUZZY;COLLECTION_MATCH_FUZZY
1322535418	821cc27a-e3bb-4bc5-ac34-89ada245069d	http://n2t.net/ark:/65665/3ebe92494-d412-4fa1-8f84-6b69737f074f	Animalia	Chordata	Aves	Suliformes	Phalacrocoracidae	Leucocarbo	Leucocarbo bougainvillii		SPECIES	Phalacrocorax bougainvillii (Lesson, 1837)	Phalacrocorax bougainvillii		PE	Independencia Bay, Santa Rosa Island		PRESENT	4	bc092ff0-02e4-11dc-991f-b8a03c50a862									1935-06-14	14	6	1935	2481884	6066498	PRESERVED_SPECIMEN	USNM	BIRDS	USNM B39873				CC0_1_0		W. Schmitt			2024-03-02T12:59:43.896Z		OCCURRENCE_STATUS_INFERRED_FROM_INDIVIDUAL_COUNT
1322102401	821cc27a-e3bb-4bc5-ac34-89ada245069d	http://n2t.net/ark:/65665/3d8c5935a-3590-43ec-99b4-25e5c58ffe42	Animalia	Chordata	Aves	Suliformes	Phalacrocoracidae	Leucocarbo	Leucocarbo bougainvillii		SPECIES	Phalacrocorax bougainvillii (Lesson, 1837)	Phalacrocorax bougainvillii		PE	Chincha		PRESENT	3	bc092ff0-02e4-11dc-991f-b8a03c50a862									1907-07-31	31	7	1907	2481884	6066498	PRESERVED_SPECIMEN	USNM	BIRDS	USNM B32044				CC0_1_0		R. Coker			2024-03-02T12:57:19.386Z		OCCURRENCE_STATUS_INFERRED_FROM_INDIVIDUAL_COUNT
1321934922	821cc27a-e3bb-4bc5-ac34-89ada245069d	http://n2t.net/ark:/65665/3d15879a0-837f-4b5a-8064-79185cc00c2e	Animalia	Chordata	Aves	Suliformes	Phalacrocoracidae	Leucocarbo	Leucocarbo bougainvillii		SPECIES	Phalacrocorax bougainvillii (Lesson, 1837)	Phalacrocorax bougainvillii		PE			PRESENT	1	bc092ff0-02e4-11dc-991f-b8a03c50a862									1965-03-31	31	3	1965	2481884	6066498	PRESERVED_SPECIMEN	USNM	BIRDS	USNM 496726				CC0_1_0		Collector Unknown			2024-03-02T12:58:36.738Z		OCCURRENCE_STATUS_INFERRED_FROM_INDIVIDUAL_COUNT
1319924521	821cc27a-e3bb-4bc5-ac34-89ada245069d	http://n2t.net/ark:/65665/37869bbed-c1ca-44a3-80e6-d2da0617bae1	Animalia	Chordata	Aves	Suliformes	Phalacrocoracidae	Leucocarbo	Leucocarbo bougainvillii		SPECIES	Phalacrocorax bougainvillii (Lesson, 1837)	Phalacrocorax bougainvillii		PE			PRESENT	1	bc092ff0-02e4-11dc-991f-b8a03c50a862									1907-05-30	30	5	1907	2481884	6066498	PRESERVED_SPECIMEN	USNM	BIRDS	USNM 212032				CC0_1_0		R. Coker			2024-03-02T12:58:24.444Z		OCCURRENCE_STATUS_INFERRED_FROM_INDIVIDUAL_COUNT
1317295756	821cc27a-e3bb-4bc5-ac34-89ada245069d	http://n2t.net/ark:/65665/30420b2cd-f276-4a32-b571-61f1947ba7f7	Animalia	Chordata	Aves	Suliformes	Phalacrocoracidae	Leucocarbo	Leucocarbo bougainvillii		SPECIES	Phalacrocorax bougainvillii (Lesson, 1837)	Phalacrocorax bougainvillii		PE			PRESENT	1	bc092ff0-02e4-11dc-991f-b8a03c50a862									1907-05-28	28	5	1907	2481884	6066498	PRESERVED_SPECIMEN	USNM	BIRDS	USNM 212033				CC0_1_0		R. Coker			2024-03-02T12:57:41.375Z		OCCURRENCE_STATUS_INFERRED_FROM_INDIVIDUAL_COUNT
1268725465	aad97542-a068-449d-adb3-a8e937f64cb4	urn:catalog:AK:AK:LB6915	Animalia	Chordata	Aves	Suliformes	Phalacrocoracidae	Leucocarbo	Leucocarbo bougainvillii		SPECIES	Phalacrocorax bougainvillii (Lesson, 1837)	Phalacrocorax bougainvillei		PE			PRESENT		32e82a64-c9b4-4b2f-9fbd-d446309b973f	-12.478053	-76.770373	5000.0						1972-10-28	28	10	1972	2481884	6066498	PRESERVED_SPECIMEN	AK	AK	LB6915				CC_BY_4_0					2024-01-24T23:21:56.576Z	StillImage	COUNTRY_DERIVED_FROM_COORDINATES;CONTINENT_DERIVED_FROM_COORDINATES;TAXON_MATCH_FUZZY;MULTIMEDIA_URI_INVALID;AMBIGUOUS_COLLECTION;INSTITUTION_MATCH_FUZZY
1211875573	136560fa-9eb9-492f-866e-5bd110c52f74	URI:catalog:ROM:Birds:77392	Animalia	Chordata	Aves	Suliformes	Phalacrocoracidae	Leucocarbo	Leucocarbo bougainvillii		SPECIES	Phalacrocorax bougainvillii (Lesson, 1837)	Phalacrocorax bougainvillii		PE	Talara	Piura	PRESENT		ff418020-1d67-11d9-8435-b8a03c50a862	-4.590285	-81.278229	4059.0						1958-02		2	1958	2481884	6066498	PRESERVED_SPECIMEN	ROM	Birds	77392				CC_BY_NC_4_0	Royal Ontario Museum	Edmund, G E			2024-01-24T16:10:13.191Z		COORDINATE_ROUNDED;INSTITUTION_MATCH_FUZZY;INSTITUTION_COLLECTION_MISMATCH
1211550791	210babc8-5723-41ac-bb13-c834590dbb15	URI:catalog:ROM:Palaeobiology-Vertebrate Fossils:13238	Animalia	Chordata	Aves	Suliformes	Phalacrocoracidae	Leucocarbo	Leucocarbo bougainvillii		SPECIES	Phalacrocorax bougainvillii (Lesson, 1837)	Phalacrocorax bougainvillii		PE	Talara	Piura Department	PRESENT		ff418020-1d67-11d9-8435-b8a03c50a862									1958-01		1	1958	2481884	6066498	FOSSIL_SPECIMEN	ROM	Vertebrate Palaeontology	13238		Campbell;Kenneth;E		CC_BY_NC_4_0	Royal Ontario Museum	Edmund;A.;Gordon;			2024-01-24T16:37:16.403Z		COORDINATE_INVALID;TYPE_STATUS_INVALID;COLLECTION_MATCH_NONE;INSTITUTION_MATCH_FUZZY
